player,age,pos,team,g,mp,ws,vorp,salary,salary_m,ws_per_m
Amen Thompson,23,PG,HOU,79,2953,10.3,3.4,9690600,9.6906,1.0628856830330424
Kevin Durant,37,SF,HOU,78,2840,10.7,4.7,54708609,54.708609,0.19558164968149708
Desmond Bane,27,SG,ORL,82,2756,7.4,2.3,36725670,36.72567,0.201493941431157
Toumani Camara,25,PF,POR,82,2731,4.8,0.7,2221677,2.221677,2.160530086056614
Jabari Smith Jr.,22,PF,HOU,77,2705,6.6,0.9,12350392,12.350392,0.5343959932607807
Mikal Bridges,29,SF,NYK,82,2692,8,3.2,24900000,24.9,0.321285140562249
Scottie Barnes,24,PF,TOR,80,2681,7.8,4.2,38661750,38.66175,0.2017497914605521
Tyrese Maxey,25,PG,PHI,70,2661,8.7,4.9,37958760,37.95876,0.22919610651138234
Jamal Murray,28,PG,DEN,75,2652,9.5,4.1,46394100,46.3941,0.20476741654650052
Derrick White,31,SG,BOS,77,2625,7,3.5,28100000,28.1,0.24911032028469748
VJ Edgecombe,20,SG,PHI,75,2623,4.4,1,11108880,11.10888,0.3960795327701803
Julius Randle,31,PF,MIN,79,2610,7.4,2.3,30864198,30.864198,0.23975999635564807
Brandon Ingram,28,SF,TOR,77,2604,4.6,1.7,38095238,38.095238,0.12075000030187498
Nickeil Alexander-Walker,27,SG,ATL,78,2603,6.3,2.1,15161800,15.1618,0.41551794641797146
Jalen Brunson,29,PG,NYK,74,2590,8.8,3.3,34944001,34.944001,0.25183149462478555
Payton Pritchard,28,PG,BOS,79,2556,8.5,2.8,7232143,7.232143,1.175308618759336
Kon Knueppel,20,SF,CHO,81,2551,8,3.1,10015680,10.01568,0.7987475638199304
Jalen Johnson,24,SF,ATL,72,2532,7.5,4,30000000,30,0.25
Dyson Daniels,22,SG,ATL,76,2520,6.6,2.1,7707709,7.707709,0.8562855707188737
Paolo Banchero,23,PF,ORL,72,2502,5,2.1,15334769,15.334769,0.3260564277166484
Donte DiVincenzo,29,SG,MIN,82,2494,5.2,1.7,11990000,11.99,0.43369474562135113
Jaylen Brown,29,SF,BOS,71,2443,6.9,3.3,53142264,53.142264,0.12984015886112796
James Harden,36,PG,2TM,70,2438,7.7,3.6,39446090,39.44609,0.19520312406121876
DeMar DeRozan,36,PF,SAC,77,2406,5.6,1.1,24570000,24.57,0.2279202279202279
Alperen Şengün,23,C,HOU,72,2398,8,3.7,33944954,33.944954,0.23567567656742147
Miles Bridges,27,PF,CHO,77,2387,6.5,1.9,25000000,25,0.26
Rudy Gobert,33,C,MIN,76,2380,8.7,1.8,35000000,35,0.24857142857142855
Ryan Rollins,23,PG,MIL,74,2376,3.4,1.3,4000000,4,0.85
Bam Adebayo,28,C,MIA,73,2365,6.4,2.4,37096620,37.09662,0.17252245622377457
Cooper Flagg,19,SF,DAL,70,2344,3.8,2,13825920,13.82592,0.2748460861917326
Donovan Mitchell,29,SG,CLE,70,2342,8.2,4.2,46394100,46.3941,0.17674661217697937
Trey Murphy III,25,SF,NOP,66,2341,6,2.6,25000000,25,0.24
Brandin Podziemski,22,SG,GSW,82,2333,5.1,1.3,3687960,3.68796,1.3828783392444604
Karl-Anthony Towns,30,C,NYK,75,2322,9.5,3.1,53142264,53.142264,0.17876543611314716
Jaden McDaniels,25,PF,MIN,73,2316,5.2,1,24393104,24.393104,0.21317500224653657
Onyeka Okongwu,25,C,ATL,74,2297,6,1.6,15000000,15,0.4
Luka Dončić,26,PG,LAL,64,2289,9.5,6.6,45999660,45.99966,0.2065232656067458
Wendell Carter Jr.,26,C,ORL,78,2288,6.2,0.8,10850000,10.85,0.5714285714285715
Collin Gillespie,26,PG,PHO,80,2282,6.2,2.6,2296274,2.296274,2.700026216383585
Bub Carrington,20,PG,WAS,82,2271,-0.4,-1.6,4677600,4.6776,-0.08551393877201985
A.J. Green,26,SG,MIL,78,2270,2.4,-0.8,2301587,2.301587,1.0427587573270096
Julian Champagnie,24,SF,SAS,82,2266,6.2,1.9,3000000,3,2.066666666666667
Nikola Jokić,30,C,DEN,65,2265,14.9,9.2,55224526,55.224526,0.26980765756142483
CJ McCollum,34,PG,2TM,76,2264,3,1,30666666,30.666666,0.09782608908317585
Shai Gilgeous-Alexander,27,PG,OKC,68,2259,15.2,7.8,38333050,38.33305,0.3965246699649519
Matas Buzelis,21,PF,CHI,77,2248,2.6,0.5,5455560,5.45556,0.47657802315435993
Saddiq Bey,26,SF,NOP,72,2246,5.4,1.4,6118644,6.118644,0.8825484862332243
Max Christie,22,SG,DAL,77,2244,2.7,0.3,7714286,7.714286,0.3499999870370375
De'Aaron Fox,28,PG,SAS,72,2231,6.4,2.4,37096620,37.09662,0.17252245622377457
Immanuel Quickley,26,PG,TOR,70,2231,6.5,2.5,32500000,32.5,0.2
Kris Dunn,31,PG,LAC,82,2230,4,0.6,5426400,5.4264,0.7371369600471768
OG Anunoby,28,PF,NYK,67,2224,6.3,2.3,39568966,39.568966,0.15921568433200906
Royce O'Neale,32,SF,PHO,78,2213,4.6,1.5,10125000,10.125,0.45432098765432094
Quentin Grimes,25,SG,PHI,75,2206,3.6,0.2,8741209,8.741209,0.41184234354767174
Deni Avdija,25,SF,POR,66,2199,7,3.5,14375000,14.375,0.48695652173913045
Naji Marshall,28,SF,DAL,74,2184,4.3,0.8,9000000,9,0.47777777777777775
Cade Cunningham,24,PG,DET,64,2172,7.9,4.6,46394100,46.3941,0.17028027270708992
Reed Sheppard,21,SG,HOU,82,2147,5.9,2.5,10603560,10.60356,0.5564169014934607
Devin Booker,29,SG,PHO,64,2146,6.5,2.3,53142264,53.142264,0.12231319313004806
Anthony Edwards,24,SG,MIN,61,2137,6.5,3.5,45550512,45.550512,0.1426987253183894
Tim Hardaway Jr.,33,SG,DEN,80,2127,4.4,0.7,2296274,2.296274,1.916147637433512
Jaime Jaquez Jr.,24,SF,MIA,75,2121,4.2,1.1,3861600,3.8616,1.0876320696084525
Duncan Robinson,31,SG,DET,77,2113,6.1,1.5,16834692,16.834692,0.36234699155767147
Jeremiah Fears,19,PG,NOP,82,2112,0.6,-0.4,7520040,7.52004,0.07978680964462954
Donovan Clingan,21,C,POR,77,2094,8.6,2.6,7178400,7.1784,1.198038560124819
Kawhi Leonard,34,SF,LAC,65,2085,9.2,5.3,50000000,50,0.184
Evan Mobley,24,PF,CLE,65,2074,6.5,2.6,46394100,46.3941,0.14010402184760562
Andrew Wiggins,30,SF,MIA,68,2063,4.6,1.7,28223215,28.223215,0.1629863925849695
Jake LaRavia,24,PF,LAL,82,2061,3.8,0.4,6000000,6,0.6333333333333333
Pascal Siakam,31,PF,IND,62,2057,2.6,1.4,45550512,45.550512,0.05707949012735576
Cason Wallace,22,SG,OKC,77,2046,5.2,1.7,5820240,5.82024,0.8934339477409866
Devin Vassell,25,SG,SAS,67,2044,4.9,1.3,27000000,27,0.1814814814814815
Stephon Castle,21,PG,SAS,68,2038,5.8,2,9560520,9.56052,0.6066615623417972
Derik Queen,21,C,NOP,81,2023,2.7,0.6,5157960,5.15796,0.523462764348696
LaMelo Ball,24,PG,CHO,72,2017,6.2,3.4,37958760,37.95876,0.1633351563644334
Naz Reid,26,C,MIN,77,2007,4,1.5,21551724,21.551724,0.18560000118784
Davion Mitchell,27,PG,MIA,70,2000,4.3,0.6,11600000,11.6,0.3706896551724138
Bruce Brown,29,SG,DEN,82,1998,2.9,-0.2,2296274,2.296274,1.262915488308451
Chet Holmgren,23,PF,OKC,69,1997,9.1,3.1,13731368,13.731368,0.6627161984151907
Josh Hart,30,SF,NYK,66,1994,6.1,2.5,19472240,19.47224,0.3132664757624187
LeBron James,41,SF,LAL,60,1989,5.4,2.8,52627153,52.627153,0.10260862866741054
Ace Bailey,19,SF,UTA,72,1988,-0.1,-1.2,9069840,9.06984,-0.011025552821218457
Harrison Barnes,33,PF,SAS,77,1986,4.8,1,19000000,19,0.25263157894736843
Jalen Duren,22,C,DET,70,1976,11,3.5,6483144,6.483144,1.696707646783721
Brandon Miller,23,SF,CHO,65,1968,4.5,1.8,11968800,11.9688,0.37597754160818125
Maxime Raynaud,22,C,SAC,74,1964,3.6,-0.2,1272870,1.27287,2.8282542600579794
Deandre Ayton,27,C,LAL,72,1958,6.2,0.6,25550814,25.550814,0.2426537174118993
Jarace Walker,22,PF,IND,76,1953,0.5,-0.2,6665520,6.66552,0.0750129022191817
Sam Hauser,28,PF,BOS,78,1934,5,1.3,10044644,10.044644,0.49777772114173485
Rui Hachimura,27,PF,LAL,68,1927,3.2,-0.1,18259259,18.259259,0.17525355218412753
Neemias Queta,26,C,BOS,76,1926,9,2.4,2349578,2.349578,3.8304750895692754
Nic Claxton,26,C,BRK,69,1920,4.8,1.4,25352272,25.352272,0.18933214348599606
Myles Turner,29,C,MIL,71,1912,3,0.5,25318251,25.318251,0.1184915972276284
Keldon Johnson,26,SF,SAS,82,1911,6.4,1.4,17500000,17.5,0.3657142857142857
Anthony Black,22,PG,ORL,64,1910,2.6,0.7,7970280,7.97028,0.32621187712351385
Tristan Da Silva,24,SF,ORL,77,1899,3.3,0.7,3809520,3.80952,0.8662508662508662
Moussa Diabaté,24,C,CHO,73,1899,7.4,1.8,2270735,2.270735,3.258856713795313
Ausar Thompson,23,SF,DET,73,1896,5.7,2.4,8775000,8.775,0.6495726495726496
Nique Clifford,23,SG,SAC,75,1882,-0.6,-1.4,3108120,3.10812,-0.19304273966256127
Ayo Dosunmu,26,SG,2TM,69,1881,4.9,1.4,7518518,7.518518,0.6517241828775299
John Collins,28,PF,LAC,69,1872,4.6,0.7,26580000,26.58,0.17306245297215953
Draymond Green,35,PF,GSW,68,1869,1.7,0.3,25892857,25.892857,0.06565517277602854
Victor Wembanyama,22,C,SAS,64,1866,10,6,13376880,13.37688,0.7475584740238381
Russell Westbrook,37,SF,SAC,64,1853,0.4,0.7,2296274,2.296274,0.1741952397666829
Jamal Shead,23,PG,TOR,82,1852,2.7,-0.1,1955377,1.955377,1.3808078953572638
Pelle Larsson,24,SG,MIA,70,1849,4.1,0.4,1955377,1.955377,2.0967823596165855
Luguentz Dort,26,SF,OKC,69,1849,3,0,18222222,18.222222,0.16463414834919696
Sion James,23,SG,CHO,82,1843,3.1,0,2296274,2.296274,1.3500131081917925
Zion Williamson,25,PF,NOP,62,1841,6.1,2.3,39446090,39.44609,0.15464143594460186
Jaylen Wells,22,SG,MEM,69,1821,1.6,-0.5,1955377,1.955377,0.8182565305820823
Nikola Vučević,35,C,2TM,64,1818,4.4,1.6,21481481,21.481481,0.2048275907978598
Oso Ighodaro,23,PF,PHO,82,1808,4.7,0.9,1955377,1.955377,2.4036285585848662
Kyle Kuzma,30,PF,MIL,69,1806,1.9,-0.1,22410605,22.410605,0.08478128992947757
Kyle Filipowski,22,C,UTA,77,1801,3.1,0.4,3000000,3,1.0333333333333334
Andrew Nembhard,26,PG,IND,57,1786,2.8,0.6,18102000,18.102,0.15467904098994584
Keyonte George,22,PG,UTA,54,1786,3.3,1.3,4278960,4.27896,0.7712154355263896
Noah Clowney,21,PF,BRK,66,1780,1.1,-0.6,3398640,3.39864,0.32365887531483184
Jaylon Tyson,23,SG,CLE,66,1777,4,0.9,3492480,3.49248,1.1453179402602163
Marcus Smart,31,SG,LAL,62,1769,2,-0.1,14786855,14.786855,0.13525526557202328
Brice Sensabaugh,22,SF,UTA,75,1762,1.1,-0.3,2693760,2.69376,0.40835115229270613
Austin Reaves,27,SG,LAL,51,1762,5.6,2.1,13937574,13.937574,0.40179158869398646
Tre Jones,26,PG,CHI,65,1752,5.7,1.5,8000000,8,0.7125
Sandro Mamukelashvili,26,C,TOR,80,1751,6.2,2.1,2461463,2.461463,2.5188272177968956
Tobias Harris,33,PF,DET,63,1746,5.3,1.5,26634146,26.634146,0.19899267654386213
Precious Achiuwa,26,C,SAC,73,1745,2.9,0.2,2111516,2.111516,1.3734208028733856
P.J. Washington,27,PF,DAL,56,1736,1.7,0.2,14152174,14.152174,0.12012288712674109
Josh Giddey,23,PG,CHI,54,1731,3.2,2,25000000,25,0.128
RJ Barrett,25,SF,TOR,57,1726,4,1,27705357,27.705357,0.14437641067032633
Jay Huff,27,C,IND,82,1719,3.2,1.1,2349578,2.349578,1.3619466985135202
Norman Powell,32,SG,MIA,58,1717,4,1.5,20482758,20.482758,0.19528620120395895
Cam Spencer,25,SG,MEM,72,1714,5.3,1.8,2537989,2.537989,2.0882675220420577
Kel'el Ware,21,C,MIA,77,1704,6.2,1.8,4443360,4.44336,1.3953404630729898
Dillon Brooks,30,SF,PHO,56,1702,2.1,-0.1,21124110,21.12411,0.09941247228877334
Dennis Schröder,32,PG,2TM,70,1697,1.5,-0.1,14104000,14.104,0.10635280771412366
Isaac Okoro,25,SG,CHI,63,1695,2.2,-0.8,11000000,11,0.2
Jerami Grant,31,PF,POR,57,1695,4,0.9,32000001,32.000001,0.12499999609375013
Dominick Barlow,22,PF,PHI,71,1689,3.9,0.4,3415000,3.415,1.1420204978038067
Michael Porter Jr.,27,SF,BRK,52,1689,2.9,2.1,38333050,38.33305,0.07565273308541845
Luke Kennard,29,SG,2TM,78,1681,4.5,0.9,11000000,11,0.4090909090909091
Cameron Johnson,29,SF,DEN,54,1647,3.7,0.6,21057065,21.057065,0.17571299703923599
Brook Lopez,37,C,LAC,75,1635,2.3,0.5,8750000,8.75,0.26285714285714284
Will Riley,19,SF,WAS,74,1633,0.4,-1,3512520,3.51252,0.11387835514103835
Cody Williams,21,SG,UTA,67,1631,0.1,-1.5,5742480,5.74248,0.017414078934536996
Bennedict Mathurin,23,SF,2TM,54,1620,2.1,-0.2,9187573,9.187573,0.22856961245369153
Bobby Portis,30,PF,MIL,67,1619,2.8,0.8,13445754,13.445754,0.208244178794287
Collin Sexton,27,SG,2TM,68,1614,3.9,1.1,18975000,18.975,0.20553359683794464
Cedric Coward,22,SG,MEM,62,1598,2.5,0.7,5715120,5.71512,0.43743613432438866
Peyton Watson,23,SF,DEN,54,1598,2.6,0.3,4356476,4.356476,0.5968126531627858
Herbert Jones,27,SF,NOP,56,1588,0.7,-0.5,13937574,13.937574,0.05022394858674831
Jalen Suggs,24,PG,ORL,57,1574,2.7,1.8,35000000,35,0.07714285714285715
Kelly Oubre Jr.,30,SF,PHI,50,1574,2.7,0.2,8382150,8.38215,0.32211306168465137
Jordan Goodwin,27,PG,PHO,70,1572,3.9,1.5,2349578,2.349578,1.6598725388133526
Jrue Holiday,35,PG,POR,53,1560,3.6,1.6,32400000,32.4,0.11111111111111112
Dylan Harper,19,SG,SAS,69,1558,4.2,1.3,12370320,12.37032,0.3395223405700095
Ron Holland,20,SF,DET,78,1551,2.8,0,8657280,8.65728,0.3234272196348044
Tari Eason,24,PF,HOU,60,1549,2.9,0.2,5675766,5.675766,0.510944249639608
Kevin Huerter,27,SF,2TM,69,1549,2.5,0.6,17991071,17.991071,0.13895781968733267
Moses Moody,23,SG,GSW,60,1540,3.1,0.7,11574075,11.574075,0.26783997857280173
Terance Mann,29,SG,BRK,63,1529,1.8,-0.6,15500000,15.5,0.11612903225806452
Jarrett Allen,27,C,CLE,56,1519,6.4,1.8,20000000,20,0.32
Isaiah Collier,21,PG,UTA,59,1517,1.7,-0.2,2638200,2.6382,0.6443787430824047
Isaiah Joe,26,SG,OKC,71,1507,5.5,1.7,12362338,12.362338,0.44489966218364196
Jock Landale,30,C,2TM,68,1506,3.8,0.7,2296274,2.296274,1.6548547777834874
Zaccharie Risacher,20,SF,ATL,67,1503,2.3,-0.2,13197720,13.19772,0.1742725258605274
Klay Thompson,35,SF,DAL,69,1497,0.5,0.2,16666667,16.666667,0.02999999940000001
Ryan Kalkbrenner,24,C,CHO,69,1479,5.7,1.4,2296274,2.296274,2.4822821666752315
Keon Ellis,26,SG,2TM,72,1478,2.2,0.6,2301587,2.301587,0.9558621942164255
Ja'Kobe Walter,21,SG,TOR,72,1474,3.7,0.6,3638160,3.63816,1.016997603184027
Patrick Williams,24,PF,CHI,72,1474,-0.1,-0.9,18000000,18,-0.005555555555555556
Ajay Mitchell,23,SG,OKC,57,1473,4.8,1.4,3000000,3,1.5999999999999999
Shaedon Sharpe,22,SG,POR,50,1471,1.3,0.2,8399983,8.399983,0.1547622179711554
Bilal Coulibaly,21,SG,WAS,56,1468,1,-0.1,7275600,7.2756,0.13744570894496674
Grayson Allen,30,SG,PHO,51,1467,3.9,1.5,16875000,16.875,0.2311111111111111
Brandon Williams,26,PG,DAL,66,1463,2.5,0.9,2270735,2.270735,1.1009651060119299
Daniss Jenkins,24,PG,DET,72,1455,2.9,0.5,3809524,3.809524,0.7612499619375018
Jaren Jackson Jr.,26,C,2TM,48,1454,1.4,0.5,35000000,35,0.04
Javonte Green,32,SG,DET,82,1446,4.7,1.5,2296274,2.296274,2.0467940672585243
Ivica Zubac,28,C,2TM,48,1446,4.2,0.6,18893980,18.89398,0.22229302666775344
Tre Johnson,19,SG,WAS,60,1443,-0.7,-1.1,8237640,8.23764,-0.08497579403809828
Lauri Markkanen,28,PF,UTA,42,1443,3.5,1.6,46394100,46.3941,0.07544062714871072
Khris Middleton,34,SF,2TM,63,1439,0.3,-0.9,33296296,33.296296,0.009010011203648598
Sidy Cissoko,21,SF,POR,75,1435,1.3,-0.7,686243,0.686243,1.8943726930547924
Luke Kornet,30,C,SAS,68,1430,6.9,2,11000000,11,0.6272727272727273
Baylor Scheierman,25,SG,BOS,77,1429,3.8,0.9,2619000,2.619,1.4509354715540281
Spencer Jones,24,SF,DEN,64,1417,2.6,-0.1,623967,0.623967,4.166887030884646
Mark Williams,24,C,PHO,60,1416,6.3,1.4,6276531,6.276531,1.0037391673840215
Aaron Wiggins,27,SG,OKC,65,1414,2.1,0.4,10102803,10.102803,0.2078631049224656
Walter Clayton,22,PG,2TM,69,1410,0.3,-0.8,3991320,3.99132,0.07516310393554013
Christian Braun,24,SG,DEN,44,1399,3,0.3,4921797,4.921797,0.6095334691780259
Gui Santos,23,PF,GSW,68,1395,2.7,0.5,2221677,2.221677,1.2152981734068453
Vít Krejčí,25,PG,2TM,65,1392,2.9,0.1,2349578,2.349578,1.2342641955278777
Kyshawn George,22,SF,WAS,48,1391,0.6,0.3,2966760,2.96676,0.20224082837843305
Ben Sheppard,24,SG,IND,65,1390,1.4,-0.4,2790720,2.79072,0.5016626533654397
Justin Champagnie,24,SF,WAS,69,1377,3.1,0.6,2349578,2.349578,1.3193858641849727
Will Richard,23,SG,GSW,69,1377,2.5,0.1,1272870,1.27287,1.9640654583735968
Gary Trent Jr.,27,SG,MIL,65,1377,-0.1,-1.2,3697105,3.697105,-0.0270481904084412
Sam Merrill,29,SG,CLE,52,1377,3.7,0.7,8482144,8.482144,0.43621046754216863
Anfernee Simons,26,SG,2TM,55,1372,2.9,0.7,27678571,27.678571,0.1047741951706972
Jose Alvarado,27,PG,2TM,69,1370,2.2,0.3,4500000,4.5,0.48888888888888893
Malik Monk,27,SG,SAC,62,1364,1,0.2,18797619,18.797619,0.053198226860540154
Ryan Dunn,23,SF,PHO,70,1355,2.6,0.4,2657760,2.65776,0.9782674131599542
Josh Okogie,27,SG,HOU,78,1354,2.7,0.3,2296274,2.296274,1.1758178684251097
Kobe Sanders,23,SG,LAC,68,1351,1.4,-0.3,475497,0.475497,2.9442877662740248
Derrick Jones Jr.,28,SF,LAC,50,1350,2.8,0.5,10000000,10,0.27999999999999997
Darius Garland,26,PG,2TM,45,1344,2.6,0.6,39446090,39.44609,0.06591274318950244
Aaron Nesmith,26,SF,IND,45,1335,0.7,-0.5,11000000,11,0.06363636363636363
Kris Murray,25,SF,POR,57,1333,2.2,0.2,3132000,3.132,0.7024265644955301
Stephen Curry,37,PG,GSW,43,1329,4.1,2.5,59606817,59.606817,0.06878407884118355
Jordan Miller,26,SF,LAC,60,1325,3.5,0.8,712637,0.712637,4.911336346555119
Drake Powell,20,SG,BRK,63,1320,-0.1,-1.3,3372240,3.37224,-0.0296538799136479
Jericho Sims,27,C,MIL,67,1318,3.2,-0.4,2461463,2.461463,1.3000398543467848
Dean Wade,29,PF,CLE,59,1318,3.1,0.7,6623456,6.623456,0.4680336066246987
Isaiah Stewart,24,C,DET,58,1317,4.1,0.7,15000000,15,0.2733333333333333
Egor Dëmin,19,PG,BRK,52,1308,0.9,0.1,6889200,6.8892,0.1306392614527086
Alex Sarr,20,C,WAS,48,1305,1.6,0.9,11808240,11.80824,0.13549860097694494
Yves Missi,21,C,NOP,66,1297,2.7,0.1,3353040,3.35304,0.8052394245222246
Nicolas Batum,37,PF,LAC,74,1295,1.8,0.3,5601600,5.6016,0.3213367609254499
Ziaire Williams,24,SF,BRK,56,1281,1.6,0.1,6250000,6.25,0.256
Jordan Clarkson,33,SG,NYK,72,1279,1.9,-0.4,10651561,10.651561,0.17837761056806603
Jaylin Williams,23,PF,OKC,65,1277,4.1,1.5,8450704,8.450704,0.48516667960444476
Kevin Porter Jr.,25,PG,MIL,38,1261,2.8,1.3,5134000,5.134,0.5453837164004675
Coby White,25,SG,2TM,50,1249,2,0.2,12888889,12.888889,0.15517241245541022
Collin Murray-Boyles,20,PF,TOR,57,1246,4,1,6332520,6.33252,0.6316600658189789
Nolan Traoré,19,PG,BRK,56,1243,-1.6,-1.5,3811560,3.81156,-0.4197756299258047
Adem Bona,22,C,PHI,71,1234,2.9,-0.3,1955377,1.955377,1.483089961680024
Andre Drummond,32,C,PHI,63,1231,3.4,0.4,5000000,5,0.6799999999999999
Pat Spencer,29,PG,GSW,66,1229,1.4,-0.1,857804,0.857804,1.6320744598999304
Zach LaVine,30,SG,SAC,39,1224,1.3,0.2,47499660,47.49966,0.027368616954310834
Jordan Walsh,21,PF,BOS,68,1212,3.8,0.7,2221677,2.221677,1.710419651461486
Jaxson Hayes,25,C,LAL,66,1207,5,1,3449323,3.449323,1.4495598121718378
Joel Embiid,31,C,PHI,38,1201,4.1,2.1,55224526,55.224526,0.07424237557059339
Marvin Bagley III,26,PF,2TM,60,1201,3.8,0.8,2296274,2.296274,1.6548547777834874
Santi Aldama,25,PF,MEM,43,1198,2.3,1.1,18485916,18.485916,0.12441904420641098
Daniel Gafford,27,C,DAL,55,1195,4.1,0.8,14386320,14.38632,0.2849929655394847
Danny Wolf,21,PF,BRK,57,1187,0.8,-0.2,2801280,2.80128,0.28558373315055974
Jimmy Butler,36,SF,GSW,38,1182,5.7,2.3,54126450,54.12645,0.10530895708105742
Mouhamed Gueye,23,PF,ATL,77,1179,2.7,0.2,2221677,2.221677,1.2152981734068453
GG Jackson II,21,PF,MEM,55,1178,1.3,0.2,2221677,2.221677,0.5851435649736663
Bones Hyland,25,PG,MIN,71,1177,3.1,1.1,2296274,2.296274,1.3500131081917925
De'Andre Hunter,28,SF,2TM,45,1176,1.1,-0.6,23303571,23.303571,0.047203066002201984
Mitchell Robinson,27,C,NYK,60,1175,5.8,1.6,12954546,12.954546,0.4477192793942759
Simone Fontecchio,30,SF,MIA,70,1173,2.6,0.7,8307692,8.307692,0.31296297455418426
Ryan Nembhard,22,PG,DAL,60,1171,0.8,-0.6,321875,0.321875,2.4854368932038833
Landry Shamet,28,SG,NYK,51,1171,2.6,0.5,2296274,2.296274,1.132269058483439
Day'Ron Sharpe,24,C,BRK,62,1160,3.5,1,6250000,6.25,0.56
Jared McCain,21,SG,2TM,67,1160,1.5,-0.1,4221360,4.22136,0.3553357211893797
Quinten Post,25,PF,GSW,67,1159,1.9,0.3,1955377,1.955377,0.9716796300662225
Svi Mykhailiuk,28,SF,UTA,50,1156,1.1,0.1,3675000,3.675,0.2993197278911565
Caris LeVert,31,SG,DET,60,1154,1.6,0.5,14104000,14.104,0.11344299489506524
Jakob Poeltl,30,C,TOR,46,1149,4.3,1,19500000,19.5,0.2205128205128205
Craig Porter Jr.,25,PG,CLE,64,1148,2.8,1.2,2221677,2.221677,1.260309216866358
Gary Payton II,33,SG,GSW,73,1142,3.5,1.1,2296274,2.296274,1.5242083479584754
Dru Smith,28,SG,MIA,70,1141,3,1.2,2378870,2.37887,1.261102960649384
Isaiah Hartenstein,27,C,OKC,47,1137,5.3,1.8,28500000,28.5,0.18596491228070175
Paul George,35,PF,PHI,37,1135,2.5,1.1,51666090,51.66609,0.04838763684265637
Jarred Vanderbilt,26,PF,LAL,65,1128,1.8,0.1,11571429,11.571429,0.15555554979423888
De'Anthony Melton,27,PG,GSW,49,1125,0.7,-0.1,3080921,3.080921,0.22720478713994938
Luka Garza,27,C,BOS,69,1118,5.3,1.2,2461463,2.461463,2.153191008761862
Taylor Hendricks,22,PF,2TM,59,1118,1.1,-0.1,6127080,6.12708,0.17953086951696404
John Konchar,29,SG,2TM,56,1115,2.4,0.8,6165000,6.165,0.389294403892944
Ousmane Dieng,22,C,2TM,57,1099,0.3,-0.5,6670882,6.670882,0.04497156447977944
Jalen Smith,25,C,CHI,53,1095,2.6,0.4,9000000,9,0.2888888888888889
Kentavious Caldwell-Pope,32,SG,MEM,51,1088,0.7,-0.1,21621500,21.6215,0.032375182110399366
Hugo González,19,SF,BOS,74,1084,2.2,0.1,2783880,2.78388,0.7902639481586851
Jusuf Nurkić,31,C,UTA,41,1083,1.5,0.9,19375000,19.375,0.07741935483870968
Miles McBride,25,SG,NYK,41,1080,2.7,0.9,4333333,4.333333,0.623076971005921
Corey Kispert,26,SF,2TM,58,1080,1.8,0,13975000,13.975,0.12880143112701253
Rayan Rupert,21,SG,2TM,64,1072,0.6,-0.8,2221677,2.221677,0.27006626075707674
Gradey Dick,22,SG,TOR,76,1067,1.4,-0.4,4990560,4.99056,0.2805296399602449
Giannis Antetokounmpo,31,PF,MIL,36,1039,5,3,54126450,54.12645,0.09237627814127844
Tyler Herro,26,SG,MIA,33,1033,2.4,1.1,31000000,31,0.07741935483870968
Jamir Watkins,24,SG,WAS,50,1032,1.1,-0.3,1131970,1.13197,0.9717572020459908
Alex Caruso,31,SG,OKC,56,1020,2.5,1,18102000,18.102,0.13810628659816596
Franz Wagner,24,SF,ORL,34,1019,2.8,1.2,38661750,38.66175,0.0724230020627623
Robert Williams,28,C,POR,59,1008,4.5,1.7,13285713,13.285713,0.3387097101977139
Guerschon Yabusele,30,C,2TM,67,1007,1.4,-0.1,5500000,5.5,0.2545454545454545
Aaron Gordon,30,PF,DEN,36,1005,3.2,0.9,22841455,22.841455,0.14009615411977916
Nae'Qwan Tomlin,25,PF,CLE,64,1004,2.2,0,718150,0.71815,3.0634268606837014
